file_id,api,rank,operation,segment,offset,size,start,end,ost
10362541349373863812,POSIX,0,read,0,0,4194304,36.3765,36.3826,110
10362541349373863812,POSIX,0,read,1,224093601,22,36.3827,36.3831,110
10362541349373863812,POSIX,0,read,2,224093623,0,36.3831,36.3831,
10362541349373863812,POSIX,0,read,3,224093581,42,36.3832,36.3832,110
10362541349373863812,POSIX,0,read,4,224093499,124,36.3832,36.3833,110
10362541349373863812,POSIX,0,read,5,0,4194304,36.3833,36.3837,110
10362541349373863812,POSIX,0,read,6,4194304,4194304,36.3895,36.3954,110
10362541349373863812,POSIX,0,read,7,8388608,4194304,36.4003,36.4064,110
10362541349373863812,POSIX,0,read,8,12582912,4194304,36.4109,36.4211,110
10362541349373863812,POSIX,0,read,9,16777216,4194304,36.4259,36.4269,110
10362541349373863812,POSIX,0,read,10,20971520,4194304,36.4312,36.4492,110
10362541349373863812,POSIX,0,read,11,25165824,4194304,36.4533,36.4543,110
10362541349373863812,POSIX,0,read,12,29360128,4194304,36.4583,36.4729,110
10362541349373863812,POSIX,0,read,13,33554432,4194304,36.4773,36.4783,110
10362541349373863812,POSIX,0,read,14,37748736,4194304,36.4823,36.4974,110
10362541349373863812,POSIX,0,read,15,41943040,4194304,36.5017,36.5026,110
10362541349373863812,POSIX,0,read,16,46137344,4194304,36.5070,36.5209,110
10362541349373863812,POSIX,0,read,17,50331648,4194304,36.5254,36.5263,110
10362541349373863812,POSIX,0,read,18,54525952,4194304,36.5305,36.5450,110
10362541349373863812,POSIX,0,read,19,58720256,4194304,36.5492,36.5500,110
10362541349373863812,POSIX,0,read,20,62914560,4194304,36.5543,36.5690,110
10362541349373863812,POSIX,0,read,21,67108864,4194304,36.5735,36.5744,110
10362541349373863812,POSIX,0,read,22,71303168,4194304,36.5786,36.5920,110
10362541349373863812,POSIX,0,read,23,75497472,4194304,36.5971,36.5981,110
10362541349373863812,POSIX,0,read,24,79691776,4194304,36.6025,36.6161,110
10362541349373863812,POSIX,0,read,25,83886080,4194304,36.6215,36.6224,110
10362541349373863812,POSIX,0,read,26,88080384,4194304,36.6266,36.6417,110
10362541349373863812,POSIX,0,read,27,92274688,4194304,36.6465,36.6475,110
10362541349373863812,POSIX,0,read,28,96468992,4194304,36.6516,36.6659,110
10362541349373863812,POSIX,0,read,29,100663296,4194304,36.6711,36.6719,110
10362541349373863812,POSIX,0,read,30,104857600,4194304,36.6761,36.6914,110
10362541349373863812,POSIX,0,read,31,109051904,4194304,36.6959,36.6968,110
10362541349373863812,POSIX,0,read,32,113246208,4194304,36.7010,36.7158,110
10362541349373863812,POSIX,0,read,33,117440512,4194304,36.7201,36.7210,110
10362541349373863812,POSIX,0,read,34,121634816,4194304,36.7259,36.7283,110
10362541349373863812,POSIX,0,read,35,125829120,4194304,36.7318,36.7333,110
10362541349373863812,POSIX,0,read,36,130023424,4194304,36.7362,36.7379,110
10362541349373863812,POSIX,0,read,37,134217728,4194304,36.7422,36.7441,110
10362541349373863812,POSIX,0,read,38,138412032,4194304,36.7477,36.7496,110
10362541349373863812,POSIX,0,read,39,142606336,4194304,36.7539,36.7556,110
10362541349373863812,POSIX,0,read,40,146800640,4194304,36.7584,36.7598,110
10362541349373863812,POSIX,0,read,41,150994944,4194304,36.7637,36.7655,110
10362541349373863812,POSIX,0,read,42,155189248,4194304,36.7695,36.7714,110
10362541349373863812,POSIX,0,read,43,159383552,4194304,36.7750,36.7769,110
10362541349373863812,POSIX,0,read,44,163577856,4194304,36.7812,36.7830,110
10362541349373863812,POSIX,0,read,45,167772160,4194304,36.7872,36.7890,110
10362541349373863812,POSIX,0,read,46,171966464,4194304,36.7930,36.7948,110
10362541349373863812,POSIX,0,read,47,176160768,4194304,36.7991,36.8011,110
10362541349373863812,POSIX,0,read,48,180355072,4194304,36.8055,36.8074,110
10362541349373863812,POSIX,0,read,49,184549376,4194304,36.8116,36.8133,110
10362541349373863812,POSIX,0,read,50,188743680,4194304,36.8174,36.8193,110
10362541349373863812,POSIX,0,read,51,192937984,4194304,36.8239,36.8258,110
10362541349373863812,POSIX,0,read,52,197132288,4194304,36.8302,36.8322,110
10362541349373863812,POSIX,0,read,53,201326592,4194304,36.8362,36.8380,110
10362541349373863812,POSIX,0,read,54,205520896,4194304,36.8423,36.8449,110
10362541349373863812,POSIX,0,read,55,209715200,4194304,36.8494,36.8515,110
10362541349373863812,POSIX,0,read,56,213909504,4194304,36.8558,36.8577,110
10362541349373863812,POSIX,0,read,57,218103808,4194304,36.8617,36.8635,110
10362541349373863812,POSIX,0,read,58,222298112,1795511,36.8680,36.8689,110
10362541349373863812,POSIX,0,read,59,0,4194304,40.4178,40.4185,110
10362541349373863812,POSIX,0,read,60,224093601,22,40.4186,40.4186,110
10362541349373863812,POSIX,0,read,61,224093623,0,40.4186,40.4186,
10362541349373863812,POSIX,0,read,62,224093581,42,40.4187,40.4187,110
10362541349373863812,POSIX,0,read,63,224093499,124,40.4188,40.4188,110
10362541349373863812,POSIX,0,read,64,0,4194304,40.4189,40.4193,110
10362541349373863812,POSIX,0,read,65,4194304,4194304,40.4260,40.4264,110
10362541349373863812,POSIX,0,read,66,8388608,4194304,40.4308,40.4312,110
10362541349373863812,POSIX,0,read,67,12582912,4194304,40.4355,40.4359,110
10362541349373863812,POSIX,0,read,68,16777216,4194304,40.4402,40.4406,110
10362541349373863812,POSIX,0,read,69,20971520,4194304,40.4449,40.4453,110
10362541349373863812,POSIX,0,read,70,25165824,4194304,40.4495,40.4499,110
10362541349373863812,POSIX,0,read,71,29360128,4194304,40.4540,40.4544,110
10362541349373863812,POSIX,0,read,72,33554432,4194304,40.4585,40.4589,110
10362541349373863812,POSIX,0,read,73,37748736,4194304,40.4630,40.4633,110
10362541349373863812,POSIX,0,read,74,41943040,4194304,40.4674,40.4677,110
10362541349373863812,POSIX,0,read,75,46137344,4194304,40.4721,40.4724,110
10362541349373863812,POSIX,0,read,76,50331648,4194304,40.4768,40.4771,110
10362541349373863812,POSIX,0,read,77,54525952,4194304,40.4814,40.4818,110
10362541349373863812,POSIX,0,read,78,58720256,4194304,40.4860,40.4864,110
10362541349373863812,POSIX,0,read,79,62914560,4194304,40.4904,40.4907,110
10362541349373863812,POSIX,0,read,80,67108864,4194304,40.4949,40.4953,110
10362541349373863812,POSIX,0,read,81,71303168,4194304,40.4992,40.4997,110
10362541349373863812,POSIX,0,read,82,75497472,4194304,40.5038,40.5042,110
10362541349373863812,POSIX,0,read,83,79691776,4194304,40.5084,40.5088,110
10362541349373863812,POSIX,0,read,84,83886080,4194304,40.5128,40.5132,110
10362541349373863812,POSIX,0,read,85,88080384,4194304,40.5171,40.5174,110
10362541349373863812,POSIX,0,read,86,92274688,4194304,40.5215,40.5218,110
10362541349373863812,POSIX,0,read,87,96468992,4194304,40.5260,40.5264,110
10362541349373863812,POSIX,0,read,88,100663296,4194304,40.5307,40.5310,110
10362541349373863812,POSIX,0,read,89,104857600,4194304,40.5350,40.5354,110
10362541349373863812,POSIX,0,read,90,109051904,4194304,40.5394,40.5398,110
10362541349373863812,POSIX,0,read,91,113246208,4194304,40.5440,40.5443,110
10362541349373863812,POSIX,0,read,92,117440512,4194304,40.5482,40.5486,110
10362541349373863812,POSIX,0,read,93,121634816,4194304,40.5527,40.5531,110
10362541349373863812,POSIX,0,read,94,125829120,4194304,40.5571,40.5576,110
10362541349373863812,POSIX,0,read,95,130023424,4194304,40.5614,40.5619,110
10362541349373863812,POSIX,0,read,96,134217728,4194304,40.5659,40.5664,110
10362541349373863812,POSIX,0,read,97,138412032,4194304,40.5702,40.5707,110
10362541349373863812,POSIX,0,read,98,142606336,4194304,40.5746,40.5750,110
10362541349373863812,POSIX,0,read,99,146800640,4194304,40.5789,40.5793,110
10362541349373863812,POSIX,0,read,100,150994944,4194304,40.5832,40.5836,110
10362541349373863812,POSIX,0,read,101,155189248,4194304,40.5876,40.5879,110
10362541349373863812,POSIX,0,read,102,159383552,4194304,40.5932,40.5936,110
10362541349373863812,POSIX,0,read,103,163577856,4194304,40.5980,40.5984,110
10362541349373863812,POSIX,0,read,104,167772160,4194304,40.6028,40.6032,110
10362541349373863812,POSIX,0,read,105,171966464,4194304,40.6075,40.6078,110
10362541349373863812,POSIX,0,read,106,176160768,4194304,40.6122,40.6125,110
10362541349373863812,POSIX,0,read,107,180355072,4194304,40.6168,40.6171,110
10362541349373863812,POSIX,0,read,108,184549376,4194304,40.6215,40.6218,110
10362541349373863812,POSIX,0,read,109,188743680,4194304,40.6260,40.6263,110
10362541349373863812,POSIX,0,read,110,192937984,4194304,40.6304,40.6308,110
10362541349373863812,POSIX,0,read,111,197132288,4194304,40.6349,40.6353,110
10362541349373863812,POSIX,0,read,112,201326592,4194304,40.6394,40.6398,110
10362541349373863812,POSIX,0,read,113,205520896,4194304,40.6439,40.6443,110
10362541349373863812,POSIX,0,read,114,209715200,4194304,40.6485,40.6489,110
10362541349373863812,POSIX,0,read,115,213909504,4194304,40.6530,40.6533,110
10362541349373863812,POSIX,0,read,116,218103808,4194304,40.6573,40.6577,110
10362541349373863812,POSIX,0,read,117,222298112,1795511,40.6619,40.6621,110
10362541349373863812,POSIX,0,read,118,0,4194304,43.9729,43.9737,110
10362541349373863812,POSIX,0,read,119,224093601,22,43.9738,43.9739,110
10362541349373863812,POSIX,0,read,120,224093623,0,43.9739,43.9739,
10362541349373863812,POSIX,0,read,121,224093581,42,43.9739,43.9739,110
10362541349373863812,POSIX,0,read,122,224093499,124,43.9740,43.9740,110
10362541349373863812,POSIX,0,read,123,0,4194304,43.9741,43.9746,110
10362541349373863812,POSIX,0,read,124,4194304,4194304,43.9799,43.9806,110
10362541349373863812,POSIX,0,read,125,8388608,4194304,43.9850,43.9857,110
10362541349373863812,POSIX,0,read,126,12582912,4194304,43.9900,43.9908,110
10362541349373863812,POSIX,0,read,127,16777216,4194304,43.9951,43.9959,110
10362541349373863812,POSIX,0,read,128,20971520,4194304,44.0004,44.0012,110
10362541349373863812,POSIX,0,read,129,25165824,4194304,44.0054,44.0062,110
10362541349373863812,POSIX,0,read,130,29360128,4194304,44.0103,44.0111,110
10362541349373863812,POSIX,0,read,131,33554432,4194304,44.0153,44.0160,110
10362541349373863812,POSIX,0,read,132,37748736,4194304,44.0203,44.0211,110
10362541349373863812,POSIX,0,read,133,41943040,4194304,44.0254,44.0262,110
10362541349373863812,POSIX,0,read,134,46137344,4194304,44.0303,44.0311,110
10362541349373863812,POSIX,0,read,135,50331648,4194304,44.0351,44.0359,110
10362541349373863812,POSIX,0,read,136,54525952,4194304,44.0401,44.0408,110
10362541349373863812,POSIX,0,read,137,58720256,4194304,44.0449,44.0456,110
10362541349373863812,POSIX,0,read,138,62914560,4194304,44.0498,44.0505,110
10362541349373863812,POSIX,0,read,139,67108864,4194304,44.0546,44.0553,110
10362541349373863812,POSIX,0,read,140,71303168,4194304,44.0592,44.0599,110
10362541349373863812,POSIX,0,read,141,75497472,4194304,44.0637,44.0644,110
10362541349373863812,POSIX,0,read,142,79691776,4194304,44.0685,44.0692,110
10362541349373863812,POSIX,0,read,143,83886080,4194304,44.0731,44.0738,110
10362541349373863812,POSIX,0,read,144,88080384,4194304,44.0778,44.0785,110
10362541349373863812,POSIX,0,read,145,92274688,4194304,44.0825,44.0832,110
10362541349373863812,POSIX,0,read,146,96468992,4194304,44.0875,44.0882,110
10362541349373863812,POSIX,0,read,147,100663296,4194304,44.0923,44.0930,110
10362541349373863812,POSIX,0,read,148,104857600,4194304,44.0973,44.0980,110
10362541349373863812,POSIX,0,read,149,109051904,4194304,44.1022,44.1029,110
10362541349373863812,POSIX,0,read,150,113246208,4194304,44.1069,44.1076,110
10362541349373863812,POSIX,0,read,151,117440512,4194304,44.1117,44.1124,110
10362541349373863812,POSIX,0,read,152,121634816,4194304,44.1164,44.1171,110
10362541349373863812,POSIX,0,read,153,125829120,4194304,44.1212,44.1219,110
10362541349373863812,POSIX,0,read,154,130023424,4194304,44.1258,44.1264,110
10362541349373863812,POSIX,0,read,155,134217728,4194304,44.1303,44.1310,110
10362541349373863812,POSIX,0,read,156,138412032,4194304,44.1350,44.1357,110
10362541349373863812,POSIX,0,read,157,142606336,4194304,44.1398,44.1405,110
10362541349373863812,POSIX,0,read,158,146800640,4194304,44.1444,44.1452,110
10362541349373863812,POSIX,0,read,159,150994944,4194304,44.1491,44.1498,110
10362541349373863812,POSIX,0,read,160,155189248,4194304,44.1544,44.1552,110
10362541349373863812,POSIX,0,read,161,159383552,4194304,44.1595,44.1603,110
10362541349373863812,POSIX,0,read,162,163577856,4194304,44.1646,44.1654,110
10362541349373863812,POSIX,0,read,163,167772160,4194304,44.1697,44.1705,110
10362541349373863812,POSIX,0,read,164,171966464,4194304,44.1747,44.1755,110
10362541349373863812,POSIX,0,read,165,176160768,4194304,44.1796,44.1804,110
10362541349373863812,POSIX,0,read,166,180355072,4194304,44.1848,44.1855,110
10362541349373863812,POSIX,0,read,167,184549376,4194304,44.1898,44.1906,110
10362541349373863812,POSIX,0,read,168,188743680,4194304,44.1947,44.1954,110
10362541349373863812,POSIX,0,read,169,192937984,4194304,44.1995,44.2002,110
10362541349373863812,POSIX,0,read,170,197132288,4194304,44.2042,44.2050,110
10362541349373863812,POSIX,0,read,171,201326592,4194304,44.2090,44.2098,110
10362541349373863812,POSIX,0,read,172,205520896,4194304,44.2138,44.2145,110
10362541349373863812,POSIX,0,read,173,209715200,4194304,44.2185,44.2192,110
10362541349373863812,POSIX,0,read,174,213909504,4194304,44.2230,44.2238,110
10362541349373863812,POSIX,0,read,175,218103808,4194304,44.2276,44.2283,110
10362541349373863812,POSIX,0,read,176,222298112,1795511,44.2322,44.2325,110
10362541349373863812,POSIX,0,read,177,0,4194304,49.0765,49.0770,110
10362541349373863812,POSIX,0,read,178,224093601,22,49.0772,49.0772,110
10362541349373863812,POSIX,0,read,179,224093623,0,49.0772,49.0772,
10362541349373863812,POSIX,0,read,180,224093581,42,49.0772,49.0772,110
10362541349373863812,POSIX,0,read,181,224093499,124,49.0772,49.0773,110
10362541349373863812,POSIX,0,read,182,0,4194304,49.0773,49.0778,110
10362541349373863812,POSIX,0,read,183,4194304,4194304,49.0828,49.0832,110
10362541349373863812,POSIX,0,read,184,8388608,4194304,49.0877,49.0880,110
10362541349373863812,POSIX,0,read,185,12582912,4194304,49.0926,49.0929,110
10362541349373863812,POSIX,0,read,186,16777216,4194304,49.0974,49.0978,110
10362541349373863812,POSIX,0,read,187,20971520,4194304,49.1022,49.1026,110
10362541349373863812,POSIX,0,read,188,25165824,4194304,49.1068,49.1072,110
10362541349373863812,POSIX,0,read,189,29360128,4194304,49.1115,49.1118,110
10362541349373863812,POSIX,0,read,190,33554432,4194304,49.1160,49.1164,110
10362541349373863812,POSIX,0,read,191,37748736,4194304,49.1207,49.1211,110
10362541349373863812,POSIX,0,read,192,41943040,4194304,49.1252,49.1256,110
10362541349373863812,POSIX,0,read,193,46137344,4194304,49.1298,49.1301,110
10362541349373863812,POSIX,0,read,194,50331648,4194304,49.1342,49.1346,110
10362541349373863812,POSIX,0,read,195,54525952,4194304,49.1385,49.1388,110
10362541349373863812,POSIX,0,read,196,58720256,4194304,49.1429,49.1432,110
10362541349373863812,POSIX,0,read,197,62914560,4194304,49.1472,49.1475,110
10362541349373863812,POSIX,0,read,198,67108864,4194304,49.1515,49.1518,110
10362541349373863812,POSIX,0,read,199,71303168,4194304,49.1558,49.1561,110
10362541349373863812,POSIX,0,read,200,75497472,4194304,49.1600,49.1604,110
10362541349373863812,POSIX,0,read,201,79691776,4194304,49.1643,49.1647,110
10362541349373863812,POSIX,0,read,202,83886080,4194304,49.1686,49.1690,110
10362541349373863812,POSIX,0,read,203,88080384,4194304,49.1731,49.1735,110
10362541349373863812,POSIX,0,read,204,92274688,4194304,49.1778,49.1782,110
10362541349373863812,POSIX,0,read,205,96468992,4194304,49.1823,49.1826,110
10362541349373863812,POSIX,0,read,206,100663296,4194304,49.1867,49.1870,110
10362541349373863812,POSIX,0,read,207,104857600,4194304,49.1911,49.1915,110
10362541349373863812,POSIX,0,read,208,109051904,4194304,49.1958,49.1961,110
10362541349373863812,POSIX,0,read,209,113246208,4194304,49.2002,49.2006,110
10362541349373863812,POSIX,0,read,210,117440512,4194304,49.2047,49.2051,110
10362541349373863812,POSIX,0,read,211,121634816,4194304,49.2091,49.2095,110
10362541349373863812,POSIX,0,read,212,125829120,4194304,49.2135,49.2138,110
10362541349373863812,POSIX,0,read,213,130023424,4194304,49.2180,49.2183,110
10362541349373863812,POSIX,0,read,214,134217728,4194304,49.2223,49.2227,110
10362541349373863812,POSIX,0,read,215,138412032,4194304,49.2265,49.2269,110
10362541349373863812,POSIX,0,read,216,142606336,4194304,49.2311,49.2315,110
10362541349373863812,POSIX,0,read,217,146800640,4194304,49.2354,49.2358,110
10362541349373863812,POSIX,0,read,218,150994944,4194304,49.2397,49.2401,110
10362541349373863812,POSIX,0,read,219,155189248,4194304,49.2440,49.2443,110
10362541349373863812,POSIX,0,read,220,159383552,4194304,49.2494,49.2498,110
10362541349373863812,POSIX,0,read,221,163577856,4194304,49.2542,49.2546,110
10362541349373863812,POSIX,0,read,222,167772160,4194304,49.2593,49.2597,110
10362541349373863812,POSIX,0,read,223,171966464,4194304,49.2644,49.2648,110
10362541349373863812,POSIX,0,read,224,176160768,4194304,49.2692,49.2697,110
10362541349373863812,POSIX,0,read,225,180355072,4194304,49.2743,49.2746,110
10362541349373863812,POSIX,0,read,226,184549376,4194304,49.2787,49.2791,110
10362541349373863812,POSIX,0,read,227,188743680,4194304,49.2832,49.2836,110
10362541349373863812,POSIX,0,read,228,192937984,4194304,49.2878,49.2882,110
10362541349373863812,POSIX,0,read,229,197132288,4194304,49.2926,49.2930,110
10362541349373863812,POSIX,0,read,230,201326592,4194304,49.2971,49.2975,110
10362541349373863812,POSIX,0,read,231,205520896,4194304,49.3015,49.3019,110
10362541349373863812,POSIX,0,read,232,209715200,4194304,49.3060,49.3063,110
10362541349373863812,POSIX,0,read,233,213909504,4194304,49.3103,49.3107,110
10362541349373863812,POSIX,0,read,234,218103808,4194304,49.3147,49.3150,110
10362541349373863812,POSIX,0,read,235,222298112,1795511,49.3206,49.3208,110
10362541349373863812,POSIX,0,read,236,0,4194304,54.1813,54.1818,110
10362541349373863812,POSIX,0,read,237,224093601,22,54.1823,54.1823,110
10362541349373863812,POSIX,0,read,238,224093623,0,54.1823,54.1823,
10362541349373863812,POSIX,0,read,239,224093581,42,54.1823,54.1824,110
10362541349373863812,POSIX,0,read,240,224093499,124,54.1825,54.1825,110
10362541349373863812,POSIX,0,read,241,0,4194304,54.1826,54.1831,110
10362541349373863812,POSIX,0,read,242,4194304,4194304,54.1886,54.1891,110
10362541349373863812,POSIX,0,read,243,8388608,4194304,54.1934,54.1938,110
10362541349373863812,POSIX,0,read,244,12582912,4194304,54.1984,54.1988,110
10362541349373863812,POSIX,0,read,245,16777216,4194304,54.2030,54.2034,110
10362541349373863812,POSIX,0,read,246,20971520,4194304,54.2074,54.2078,110
10362541349373863812,POSIX,0,read,247,25165824,4194304,54.2118,54.2122,110
10362541349373863812,POSIX,0,read,248,29360128,4194304,54.2161,54.2165,110
10362541349373863812,POSIX,0,read,249,33554432,4194304,54.2204,54.2208,110
10362541349373863812,POSIX,0,read,250,37748736,4194304,54.2249,54.2252,110
10362541349373863812,POSIX,0,read,251,41943040,4194304,54.2291,54.2296,110
10362541349373863812,POSIX,0,read,252,46137344,4194304,54.2336,54.2339,110
10362541349373863812,POSIX,0,read,253,50331648,4194304,54.2380,54.2384,110
10362541349373863812,POSIX,0,read,254,54525952,4194304,54.2423,54.2427,110
10362541349373863812,POSIX,0,read,255,58720256,4194304,54.2466,54.2470,110
10362541349373863812,POSIX,0,read,256,62914560,4194304,54.2511,54.2514,110
10362541349373863812,POSIX,0,read,257,67108864,4194304,54.2553,54.2557,110
10362541349373863812,POSIX,0,read,258,71303168,4194304,54.2596,54.2600,110
10362541349373863812,POSIX,0,read,259,75497472,4194304,54.2640,54.2644,110
10362541349373863812,POSIX,0,read,260,79691776,4194304,54.2683,54.2687,110
10362541349373863812,POSIX,0,read,261,83886080,4194304,54.2727,54.2730,110
10362541349373863812,POSIX,0,read,262,88080384,4194304,54.2771,54.2775,110
10362541349373863812,POSIX,0,read,263,92274688,4194304,54.2815,54.2818,110
10362541349373863812,POSIX,0,read,264,96468992,4194304,54.2861,54.2864,110
10362541349373863812,POSIX,0,read,265,100663296,4194304,54.2905,54.2909,110
10362541349373863812,POSIX,0,read,266,104857600,4194304,54.2951,54.2955,110
10362541349373863812,POSIX,0,read,267,109051904,4194304,54.2996,54.3000,110
10362541349373863812,POSIX,0,read,268,113246208,4194304,54.3041,54.3045,110
10362541349373863812,POSIX,0,read,269,117440512,4194304,54.3087,54.3091,110
10362541349373863812,POSIX,0,read,270,121634816,4194304,54.3132,54.3136,110
10362541349373863812,POSIX,0,read,271,125829120,4194304,54.3177,54.3180,110
10362541349373863812,POSIX,0,read,272,130023424,4194304,54.3221,54.3224,110
10362541349373863812,POSIX,0,read,273,134217728,4194304,54.3266,54.3269,110
10362541349373863812,POSIX,0,read,274,138412032,4194304,54.3311,54.3315,110
10362541349373863812,POSIX,0,read,275,142606336,4194304,54.3354,54.3358,110
10362541349373863812,POSIX,0,read,276,146800640,4194304,54.3398,54.3402,110
10362541349373863812,POSIX,0,read,277,150994944,4194304,54.3443,54.3447,110
10362541349373863812,POSIX,0,read,278,155189248,4194304,54.3487,54.3491,110
10362541349373863812,POSIX,0,read,279,159383552,4194304,54.3535,54.3539,110
10362541349373863812,POSIX,0,read,280,163577856,4194304,54.3582,54.3585,110
10362541349373863812,POSIX,0,read,281,167772160,4194304,54.3626,54.3630,110
10362541349373863812,POSIX,0,read,282,171966464,4194304,54.3671,54.3674,110
10362541349373863812,POSIX,0,read,283,176160768,4194304,54.3714,54.3718,110
10362541349373863812,POSIX,0,read,284,180355072,4194304,54.3757,54.3761,110
10362541349373863812,POSIX,0,read,285,184549376,4194304,54.3800,54.3804,110
10362541349373863812,POSIX,0,read,286,188743680,4194304,54.3844,54.3848,110
10362541349373863812,POSIX,0,read,287,192937984,4194304,54.3887,54.3891,110
10362541349373863812,POSIX,0,read,288,197132288,4194304,54.3932,54.3936,110
10362541349373863812,POSIX,0,read,289,201326592,4194304,54.3975,54.3979,110
10362541349373863812,POSIX,0,read,290,205520896,4194304,54.4018,54.4021,110
10362541349373863812,POSIX,0,read,291,209715200,4194304,54.4061,54.4065,110
10362541349373863812,POSIX,0,read,292,213909504,4194304,54.4104,54.4107,110
10362541349373863812,POSIX,0,read,293,218103808,4194304,54.4148,54.4151,110
10362541349373863812,POSIX,0,read,294,222298112,1795511,54.4192,54.4195,110
10362541349373863812,POSIX,0,read,295,0,4194304,57.7860,57.7865,110
10362541349373863812,POSIX,0,read,296,224093601,22,57.7866,57.7867,110
10362541349373863812,POSIX,0,read,297,224093623,0,57.7867,57.7867,
10362541349373863812,POSIX,0,read,298,224093581,42,57.7867,57.7868,110
10362541349373863812,POSIX,0,read,299,224093499,124,57.7868,57.7868,110
10362541349373863812,POSIX,0,read,300,0,4194304,57.7868,57.7873,110
10362541349373863812,POSIX,0,read,301,4194304,4194304,57.7927,57.7931,110
10362541349373863812,POSIX,0,read,302,8388608,4194304,57.7973,57.7978,110
10362541349373863812,POSIX,0,read,303,12582912,4194304,57.8020,57.8024,110
10362541349373863812,POSIX,0,read,304,16777216,4194304,57.8066,57.8070,110
10362541349373863812,POSIX,0,read,305,20971520,4194304,57.8111,57.8115,110
10362541349373863812,POSIX,0,read,306,25165824,4194304,57.8156,57.8160,110
10362541349373863812,POSIX,0,read,307,29360128,4194304,57.8201,57.8205,110
10362541349373863812,POSIX,0,read,308,33554432,4194304,57.8245,57.8250,110
10362541349373863812,POSIX,0,read,309,37748736,4194304,57.8291,57.8295,110
10362541349373863812,POSIX,0,read,310,41943040,4194304,57.8336,57.8340,110
10362541349373863812,POSIX,0,read,311,46137344,4194304,57.8380,57.8385,110
10362541349373863812,POSIX,0,read,312,50331648,4194304,57.8425,57.8429,110
10362541349373863812,POSIX,0,read,313,54525952,4194304,57.8468,57.8472,110
10362541349373863812,POSIX,0,read,314,58720256,4194304,57.8512,57.8516,110
10362541349373863812,POSIX,0,read,315,62914560,4194304,57.8558,57.8562,110
10362541349373863812,POSIX,0,read,316,67108864,4194304,57.8604,57.8609,110
10362541349373863812,POSIX,0,read,317,71303168,4194304,57.8649,57.8653,110
10362541349373863812,POSIX,0,read,318,75497472,4194304,57.8693,57.8698,110
10362541349373863812,POSIX,0,read,319,79691776,4194304,57.8737,57.8741,110
10362541349373863812,POSIX,0,read,320,83886080,4194304,57.8782,57.8786,110
10362541349373863812,POSIX,0,read,321,88080384,4194304,57.8826,57.8830,110
10362541349373863812,POSIX,0,read,322,92274688,4194304,57.8870,57.8875,110
10362541349373863812,POSIX,0,read,323,96468992,4194304,57.8914,57.8919,110
10362541349373863812,POSIX,0,read,324,100663296,4194304,57.8960,57.8965,110
10362541349373863812,POSIX,0,read,325,104857600,4194304,57.9005,57.9011,110
10362541349373863812,POSIX,0,read,326,109051904,4194304,57.9050,57.9056,110
10362541349373863812,POSIX,0,read,327,113246208,4194304,57.9096,57.9101,110
10362541349373863812,POSIX,0,read,328,117440512,4194304,57.9142,57.9147,110
10362541349373863812,POSIX,0,read,329,121634816,4194304,57.9187,57.9193,110
10362541349373863812,POSIX,0,read,330,125829120,4194304,57.9233,57.9238,110
10362541349373863812,POSIX,0,read,331,130023424,4194304,57.9281,57.9285,110
10362541349373863812,POSIX,0,read,332,134217728,4194304,57.9326,57.9331,110
10362541349373863812,POSIX,0,read,333,138412032,4194304,57.9370,57.9375,110
10362541349373863812,POSIX,0,read,334,142606336,4194304,57.9415,57.9420,110
10362541349373863812,POSIX,0,read,335,146800640,4194304,57.9460,57.9465,110
10362541349373863812,POSIX,0,read,336,150994944,4194304,57.9507,57.9511,110
10362541349373863812,POSIX,0,read,337,155189248,4194304,57.9550,57.9554,110
10362541349373863812,POSIX,0,read,338,159383552,4194304,57.9601,57.9605,110
10362541349373863812,POSIX,0,read,339,163577856,4194304,57.9647,57.9651,110
10362541349373863812,POSIX,0,read,340,167772160,4194304,57.9691,57.9695,110
10362541349373863812,POSIX,0,read,341,171966464,4194304,57.9737,57.9741,110
10362541349373863812,POSIX,0,read,342,176160768,4194304,57.9782,57.9786,110
10362541349373863812,POSIX,0,read,343,180355072,4194304,57.9825,57.9829,110
10362541349373863812,POSIX,0,read,344,184549376,4194304,57.9869,57.9873,110
10362541349373863812,POSIX,0,read,345,188743680,4194304,57.9913,57.9916,110
10362541349373863812,POSIX,0,read,346,192937984,4194304,57.9958,57.9962,110
10362541349373863812,POSIX,0,read,347,197132288,4194304,58.0002,58.0006,110
10362541349373863812,POSIX,0,read,348,201326592,4194304,58.0048,58.0053,110
10362541349373863812,POSIX,0,read,349,205520896,4194304,58.0092,58.0097,110
10362541349373863812,POSIX,0,read,350,209715200,4194304,58.0137,58.0141,110
10362541349373863812,POSIX,0,read,351,213909504,4194304,58.0182,58.0186,110
10362541349373863812,POSIX,0,read,352,218103808,4194304,58.0227,58.0230,110
10362541349373863812,POSIX,0,read,353,222298112,1795511,58.0271,58.0273,110
10362541349373863812,POSIX,0,read,354,0,4194304,61.3278,61.3282,110
10362541349373863812,POSIX,0,read,355,224093601,22,61.3287,61.3287,110
10362541349373863812,POSIX,0,read,356,224093623,0,61.3287,61.3287,
10362541349373863812,POSIX,0,read,357,224093581,42,61.3287,61.3288,110
10362541349373863812,POSIX,0,read,358,224093499,124,61.3288,61.3288,110
10362541349373863812,POSIX,0,read,359,0,4194304,61.3289,61.3293,110
10362541349373863812,POSIX,0,read,360,4194304,4194304,61.3347,61.3352,110
10362541349373863812,POSIX,0,read,361,8388608,4194304,61.3392,61.3398,110
10362541349373863812,POSIX,0,read,362,12582912,4194304,61.3439,61.3445,110
10362541349373863812,POSIX,0,read,363,16777216,4194304,61.3485,61.3490,110
10362541349373863812,POSIX,0,read,364,20971520,4194304,61.3529,61.3535,110
10362541349373863812,POSIX,0,read,365,25165824,4194304,61.3574,61.3580,110
10362541349373863812,POSIX,0,read,366,29360128,4194304,61.3619,61.3624,110
10362541349373863812,POSIX,0,read,367,33554432,4194304,61.3667,61.3672,110
10362541349373863812,POSIX,0,read,368,37748736,4194304,61.3713,61.3718,110
10362541349373863812,POSIX,0,read,369,41943040,4194304,61.3758,61.3763,110
10362541349373863812,POSIX,0,read,370,46137344,4194304,61.3803,61.3808,110
10362541349373863812,POSIX,0,read,371,50331648,4194304,61.3848,61.3853,110
10362541349373863812,POSIX,0,read,372,54525952,4194304,61.3894,61.3898,110
10362541349373863812,POSIX,0,read,373,58720256,4194304,61.3940,61.3944,110
10362541349373863812,POSIX,0,read,374,62914560,4194304,61.3986,61.3989,110
10362541349373863812,POSIX,0,read,375,67108864,4194304,61.4030,61.4034,110
10362541349373863812,POSIX,0,read,376,71303168,4194304,61.4074,61.4079,110
10362541349373863812,POSIX,0,read,377,75497472,4194304,61.4118,61.4122,110
10362541349373863812,POSIX,0,read,378,79691776,4194304,61.4162,61.4167,110
10362541349373863812,POSIX,0,read,379,83886080,4194304,61.4208,61.4213,110
10362541349373863812,POSIX,0,read,380,88080384,4194304,61.4253,61.4258,110
10362541349373863812,POSIX,0,read,381,92274688,4194304,61.4296,61.4301,110
10362541349373863812,POSIX,0,read,382,96468992,4194304,61.4341,61.4346,110
10362541349373863812,POSIX,0,read,383,100663296,4194304,61.4385,61.4390,110
10362541349373863812,POSIX,0,read,384,104857600,4194304,61.4429,61.4434,110
10362541349373863812,POSIX,0,read,385,109051904,4194304,61.4474,61.4480,110
10362541349373863812,POSIX,0,read,386,113246208,4194304,61.4518,61.4523,110
10362541349373863812,POSIX,0,read,387,117440512,4194304,61.4562,61.4566,110
10362541349373863812,POSIX,0,read,388,121634816,4194304,61.4607,61.4611,110
10362541349373863812,POSIX,0,read,389,125829120,4194304,61.4653,61.4658,110
10362541349373863812,POSIX,0,read,390,130023424,4194304,61.4698,61.4703,110
10362541349373863812,POSIX,0,read,391,134217728,4194304,61.4744,61.4749,110
10362541349373863812,POSIX,0,read,392,138412032,4194304,61.4791,61.4796,110
10362541349373863812,POSIX,0,read,393,142606336,4194304,61.4838,61.4842,110
10362541349373863812,POSIX,0,read,394,146800640,4194304,61.4884,61.4888,110
10362541349373863812,POSIX,0,read,395,150994944,4194304,61.4928,61.4932,110
10362541349373863812,POSIX,0,read,396,155189248,4194304,61.4981,61.4985,110
10362541349373863812,POSIX,0,read,397,159383552,4194304,61.5026,61.5031,110
10362541349373863812,POSIX,0,read,398,163577856,4194304,61.5070,61.5075,110
10362541349373863812,POSIX,0,read,399,167772160,4194304,61.5115,61.5120,110
10362541349373863812,POSIX,0,read,400,171966464,4194304,61.5159,61.5164,110
10362541349373863812,POSIX,0,read,401,176160768,4194304,61.5205,61.5210,110
10362541349373863812,POSIX,0,read,402,180355072,4194304,61.5250,61.5254,110
10362541349373863812,POSIX,0,read,403,184549376,4194304,61.5293,61.5296,110
10362541349373863812,POSIX,0,read,404,188743680,4194304,61.5336,61.5340,110
10362541349373863812,POSIX,0,read,405,192937984,4194304,61.5380,61.5383,110
10362541349373863812,POSIX,0,read,406,197132288,4194304,61.5424,61.5428,110
10362541349373863812,POSIX,0,read,407,201326592,4194304,61.5469,61.5473,110
10362541349373863812,POSIX,0,read,408,205520896,4194304,61.5513,61.5516,110
10362541349373863812,POSIX,0,read,409,209715200,4194304,61.5555,61.5558,110
10362541349373863812,POSIX,0,read,410,213909504,4194304,61.5596,61.5600,110
10362541349373863812,POSIX,0,read,411,218103808,4194304,61.5640,61.5643,110
10362541349373863812,POSIX,0,read,412,222298112,1795511,61.5684,61.5686,110
10362541349373863812,POSIX,0,read,413,0,4194304,64.9170,64.9175,110
10362541349373863812,POSIX,0,read,414,224093601,22,64.9177,64.9177,110
10362541349373863812,POSIX,0,read,415,224093623,0,64.9177,64.9178,
10362541349373863812,POSIX,0,read,416,224093581,42,64.9178,64.9178,110
10362541349373863812,POSIX,0,read,417,224093499,124,64.9178,64.9178,110
10362541349373863812,POSIX,0,read,418,0,4194304,64.9179,64.9183,110
10362541349373863812,POSIX,0,read,419,4194304,4194304,64.9230,64.9233,110
10362541349373863812,POSIX,0,read,420,8388608,4194304,64.9275,64.9278,110
10362541349373863812,POSIX,0,read,421,12582912,4194304,64.9320,64.9323,110
10362541349373863812,POSIX,0,read,422,16777216,4194304,64.9364,64.9367,110
10362541349373863812,POSIX,0,read,423,20971520,4194304,64.9408,64.9412,110
10362541349373863812,POSIX,0,read,424,25165824,4194304,64.9453,64.9456,110
10362541349373863812,POSIX,0,read,425,29360128,4194304,64.9498,64.9501,110
10362541349373863812,POSIX,0,read,426,33554432,4194304,64.9543,64.9547,110
10362541349373863812,POSIX,0,read,427,37748736,4194304,64.9587,64.9592,110
10362541349373863812,POSIX,0,read,428,41943040,4194304,64.9633,64.9637,110
10362541349373863812,POSIX,0,read,429,46137344,4194304,64.9677,64.9682,110
10362541349373863812,POSIX,0,read,430,50331648,4194304,64.9724,64.9728,110
10362541349373863812,POSIX,0,read,431,54525952,4194304,64.9768,64.9772,110
10362541349373863812,POSIX,0,read,432,58720256,4194304,64.9811,64.9815,110
10362541349373863812,POSIX,0,read,433,62914560,4194304,64.9857,64.9861,110
10362541349373863812,POSIX,0,read,434,67108864,4194304,64.9901,64.9906,110
10362541349373863812,POSIX,0,read,435,71303168,4194304,64.9945,64.9950,110
10362541349373863812,POSIX,0,read,436,75497472,4194304,64.9989,64.9993,110
10362541349373863812,POSIX,0,read,437,79691776,4194304,65.0032,65.0038,110
10362541349373863812,POSIX,0,read,438,83886080,4194304,65.0077,65.0081,110
10362541349373863812,POSIX,0,read,439,88080384,4194304,65.0120,65.0125,110
10362541349373863812,POSIX,0,read,440,92274688,4194304,65.0165,65.0170,110
10362541349373863812,POSIX,0,read,441,96468992,4194304,65.0209,65.0214,110
10362541349373863812,POSIX,0,read,442,100663296,4194304,65.0255,65.0259,110
10362541349373863812,POSIX,0,read,443,104857600,4194304,65.0300,65.0305,110
10362541349373863812,POSIX,0,read,444,109051904,4194304,65.0347,65.0351,110
10362541349373863812,POSIX,0,read,445,113246208,4194304,65.0394,65.0399,110
10362541349373863812,POSIX,0,read,446,117440512,4194304,65.0439,65.0445,110
10362541349373863812,POSIX,0,read,447,121634816,4194304,65.0486,65.0492,110
10362541349373863812,POSIX,0,read,448,125829120,4194304,65.0532,65.0537,110
10362541349373863812,POSIX,0,read,449,130023424,4194304,65.0576,65.0581,110
10362541349373863812,POSIX,0,read,450,134217728,4194304,65.0621,65.0626,110
10362541349373863812,POSIX,0,read,451,138412032,4194304,65.0667,65.0671,110
10362541349373863812,POSIX,0,read,452,142606336,4194304,65.0711,65.0716,110
10362541349373863812,POSIX,0,read,453,146800640,4194304,65.0754,65.0759,110
10362541349373863812,POSIX,0,read,454,150994944,4194304,65.0800,65.0804,110
10362541349373863812,POSIX,0,read,455,155189248,4194304,65.0852,65.0858,110
10362541349373863812,POSIX,0,read,456,159383552,4194304,65.0897,65.0902,110
10362541349373863812,POSIX,0,read,457,163577856,4194304,65.0942,65.0946,110
10362541349373863812,POSIX,0,read,458,167772160,4194304,65.0986,65.0990,110
10362541349373863812,POSIX,0,read,459,171966464,4194304,65.1032,65.1035,110
10362541349373863812,POSIX,0,read,460,176160768,4194304,65.1075,65.1078,110
10362541349373863812,POSIX,0,read,461,180355072,4194304,65.1118,65.1121,110
10362541349373863812,POSIX,0,read,462,184549376,4194304,65.1161,65.1164,110
10362541349373863812,POSIX,0,read,463,188743680,4194304,65.1204,65.1207,110
10362541349373863812,POSIX,0,read,464,192937984,4194304,65.1247,65.1250,110
10362541349373863812,POSIX,0,read,465,197132288,4194304,65.1292,65.1296,110
10362541349373863812,POSIX,0,read,466,201326592,4194304,65.1339,65.1343,110
10362541349373863812,POSIX,0,read,467,205520896,4194304,65.1386,65.1389,110
10362541349373863812,POSIX,0,read,468,209715200,4194304,65.1431,65.1435,110
10362541349373863812,POSIX,0,read,469,213909504,4194304,65.1477,65.1481,110
10362541349373863812,POSIX,0,read,470,218103808,4194304,65.1523,65.1526,110
10362541349373863812,POSIX,0,read,471,222298112,1795511,65.1571,65.1573,110
10362541349373863812,POSIX,0,read,472,0,4194304,68.4510,68.4515,110
10362541349373863812,POSIX,0,read,473,224093601,22,68.4516,68.4517,110
10362541349373863812,POSIX,0,read,474,224093623,0,68.4517,68.4517,
10362541349373863812,POSIX,0,read,475,224093581,42,68.4517,68.4517,110
10362541349373863812,POSIX,0,read,476,224093499,124,68.4518,68.4518,110
10362541349373863812,POSIX,0,read,477,0,4194304,68.4519,68.4522,110
10362541349373863812,POSIX,0,read,478,4194304,4194304,68.4582,68.4585,110
10362541349373863812,POSIX,0,read,479,8388608,4194304,68.4624,68.4628,110
10362541349373863812,POSIX,0,read,480,12582912,4194304,68.4669,68.4672,110
10362541349373863812,POSIX,0,read,481,16777216,4194304,68.4713,68.4716,110
10362541349373863812,POSIX,0,read,482,20971520,4194304,68.4757,68.4761,110
10362541349373863812,POSIX,0,read,483,25165824,4194304,68.4802,68.4806,110
10362541349373863812,POSIX,0,read,484,29360128,4194304,68.4847,68.4850,110
10362541349373863812,POSIX,0,read,485,33554432,4194304,68.4892,68.4896,110
10362541349373863812,POSIX,0,read,486,37748736,4194304,68.4936,68.4940,110
10362541349373863812,POSIX,0,read,487,41943040,4194304,68.4980,68.4984,110
10362541349373863812,POSIX,0,read,488,46137344,4194304,68.5024,68.5028,110
10362541349373863812,POSIX,0,read,489,50331648,4194304,68.5068,68.5071,110
10362541349373863812,POSIX,0,read,490,54525952,4194304,68.5110,68.5114,110
10362541349373863812,POSIX,0,read,491,58720256,4194304,68.5154,68.5157,110
10362541349373863812,POSIX,0,read,492,62914560,4194304,68.5198,68.5201,110
10362541349373863812,POSIX,0,read,493,67108864,4194304,68.5240,68.5244,110
10362541349373863812,POSIX,0,read,494,71303168,4194304,68.5284,68.5287,110
10362541349373863812,POSIX,0,read,495,75497472,4194304,68.5327,68.5330,110
10362541349373863812,POSIX,0,read,496,79691776,4194304,68.5371,68.5374,110
10362541349373863812,POSIX,0,read,497,83886080,4194304,68.5414,68.5417,110
10362541349373863812,POSIX,0,read,498,88080384,4194304,68.5457,68.5460,110
10362541349373863812,POSIX,0,read,499,92274688,4194304,68.5501,68.5504,110
10362541349373863812,POSIX,0,read,500,96468992,4194304,68.5545,68.5548,110
10362541349373863812,POSIX,0,read,501,100663296,4194304,68.5588,68.5591,110
10362541349373863812,POSIX,0,read,502,104857600,4194304,68.5632,68.5636,110
10362541349373863812,POSIX,0,read,503,109051904,4194304,68.5677,68.5681,110
10362541349373863812,POSIX,0,read,504,113246208,4194304,68.5720,68.5724,110
10362541349373863812,POSIX,0,read,505,117440512,4194304,68.5763,68.5766,110
10362541349373863812,POSIX,0,read,506,121634816,4194304,68.5806,68.5809,110
10362541349373863812,POSIX,0,read,507,125829120,4194304,68.5850,68.5853,110
10362541349373863812,POSIX,0,read,508,130023424,4194304,68.5894,68.5898,110
10362541349373863812,POSIX,0,read,509,134217728,4194304,68.5936,68.5940,110
10362541349373863812,POSIX,0,read,510,138412032,4194304,68.5981,68.5984,110
10362541349373863812,POSIX,0,read,511,142606336,4194304,68.6026,68.6029,110
10362541349373863812,POSIX,0,read,512,146800640,4194304,68.6072,68.6075,110
10362541349373863812,POSIX,0,read,513,150994944,4194304,68.6114,68.6118,110
10362541349373863812,POSIX,0,read,514,155189248,4194304,68.6158,68.6161,110
10362541349373863812,POSIX,0,read,515,159383552,4194304,68.6201,68.6204,110
10362541349373863812,POSIX,0,read,516,163577856,4194304,68.6252,68.6256,110
10362541349373863812,POSIX,0,read,517,167772160,4194304,68.6296,68.6300,110
10362541349373863812,POSIX,0,read,518,171966464,4194304,68.6340,68.6343,110
10362541349373863812,POSIX,0,read,519,176160768,4194304,68.6384,68.6387,110
10362541349373863812,POSIX,0,read,520,180355072,4194304,68.6426,68.6430,110
10362541349373863812,POSIX,0,read,521,184549376,4194304,68.6471,68.6475,110
10362541349373863812,POSIX,0,read,522,188743680,4194304,68.6516,68.6519,110
10362541349373863812,POSIX,0,read,523,192937984,4194304,68.6562,68.6565,110
10362541349373863812,POSIX,0,read,524,197132288,4194304,68.6609,68.6613,110
10362541349373863812,POSIX,0,read,525,201326592,4194304,68.6656,68.6660,110
10362541349373863812,POSIX,0,read,526,205520896,4194304,68.6703,68.6707,110
10362541349373863812,POSIX,0,read,527,209715200,4194304,68.6748,68.6751,110
10362541349373863812,POSIX,0,read,528,213909504,4194304,68.6792,68.6796,110
10362541349373863812,POSIX,0,read,529,218103808,4194304,68.6835,68.6839,110
10362541349373863812,POSIX,0,read,530,222298112,1795511,68.6879,68.6881,110
10362541349373863812,POSIX,0,read,531,0,4194304,72.1384,72.1388,110
10362541349373863812,POSIX,0,read,532,224093601,22,72.1389,72.1389,110
10362541349373863812,POSIX,0,read,533,224093623,0,72.1389,72.1389,
10362541349373863812,POSIX,0,read,534,224093581,42,72.1390,72.1390,110
10362541349373863812,POSIX,0,read,535,224093499,124,72.1390,72.1390,110
10362541349373863812,POSIX,0,read,536,0,4194304,72.1390,72.1394,110
10362541349373863812,POSIX,0,read,537,4194304,4194304,72.1442,72.1446,110
10362541349373863812,POSIX,0,read,538,8388608,4194304,72.1487,72.1490,110
10362541349373863812,POSIX,0,read,539,12582912,4194304,72.1531,72.1535,110
10362541349373863812,POSIX,0,read,540,16777216,4194304,72.1575,72.1578,110
10362541349373863812,POSIX,0,read,541,20971520,4194304,72.1618,72.1622,110
10362541349373863812,POSIX,0,read,542,25165824,4194304,72.1663,72.1667,110
10362541349373863812,POSIX,0,read,543,29360128,4194304,72.1708,72.1712,110
10362541349373863812,POSIX,0,read,544,33554432,4194304,72.1751,72.1755,110
10362541349373863812,POSIX,0,read,545,37748736,4194304,72.1795,72.1799,110
10362541349373863812,POSIX,0,read,546,41943040,4194304,72.1840,72.1843,110
10362541349373863812,POSIX,0,read,547,46137344,4194304,72.1885,72.1888,110
10362541349373863812,POSIX,0,read,548,50331648,4194304,72.1929,72.1932,110
10362541349373863812,POSIX,0,read,549,54525952,4194304,72.1972,72.1975,110
10362541349373863812,POSIX,0,read,550,58720256,4194304,72.2016,72.2020,110
10362541349373863812,POSIX,0,read,551,62914560,4194304,72.2060,72.2064,110
10362541349373863812,POSIX,0,read,552,67108864,4194304,72.2104,72.2108,110
10362541349373863812,POSIX,0,read,553,71303168,4194304,72.2150,72.2153,110
10362541349373863812,POSIX,0,read,554,75497472,4194304,72.2195,72.2199,110
10362541349373863812,POSIX,0,read,555,79691776,4194304,72.2241,72.2245,110
10362541349373863812,POSIX,0,read,556,83886080,4194304,72.2287,72.2290,110
10362541349373863812,POSIX,0,read,557,88080384,4194304,72.2332,72.2336,110
10362541349373863812,POSIX,0,read,558,92274688,4194304,72.2379,72.2383,110
10362541349373863812,POSIX,0,read,559,96468992,4194304,72.2425,72.2429,110
10362541349373863812,POSIX,0,read,560,100663296,4194304,72.2470,72.2474,110
10362541349373863812,POSIX,0,read,561,104857600,4194304,72.2515,72.2519,110
10362541349373863812,POSIX,0,read,562,109051904,4194304,72.2560,72.2565,110
10362541349373863812,POSIX,0,read,563,113246208,4194304,72.2607,72.2610,110
10362541349373863812,POSIX,0,read,564,117440512,4194304,72.2651,72.2655,110
10362541349373863812,POSIX,0,read,565,121634816,4194304,72.2697,72.2700,110
10362541349373863812,POSIX,0,read,566,125829120,4194304,72.2740,72.2744,110
10362541349373863812,POSIX,0,read,567,130023424,4194304,72.2783,72.2787,110
10362541349373863812,POSIX,0,read,568,134217728,4194304,72.2826,72.2830,110
10362541349373863812,POSIX,0,read,569,138412032,4194304,72.2873,72.2876,110
10362541349373863812,POSIX,0,read,570,142606336,4194304,72.2916,72.2920,110
10362541349373863812,POSIX,0,read,571,146800640,4194304,72.2960,72.2964,110
10362541349373863812,POSIX,0,read,572,150994944,4194304,72.3004,72.3008,110
10362541349373863812,POSIX,0,read,573,155189248,4194304,72.3052,72.3056,110
10362541349373863812,POSIX,0,read,574,159383552,4194304,72.3099,72.3103,110
10362541349373863812,POSIX,0,read,575,163577856,4194304,72.3143,72.3148,110
10362541349373863812,POSIX,0,read,576,167772160,4194304,72.3188,72.3192,110
10362541349373863812,POSIX,0,read,577,171966464,4194304,72.3233,72.3236,110
10362541349373863812,POSIX,0,read,578,176160768,4194304,72.3277,72.3281,110
10362541349373863812,POSIX,0,read,579,180355072,4194304,72.3320,72.3324,110
10362541349373863812,POSIX,0,read,580,184549376,4194304,72.3362,72.3366,110
10362541349373863812,POSIX,0,read,581,188743680,4194304,72.3405,72.3409,110
10362541349373863812,POSIX,0,read,582,192937984,4194304,72.3449,72.3453,110
10362541349373863812,POSIX,0,read,583,197132288,4194304,72.3493,72.3497,110
10362541349373863812,POSIX,0,read,584,201326592,4194304,72.3535,72.3539,110
10362541349373863812,POSIX,0,read,585,205520896,4194304,72.3578,72.3582,110
10362541349373863812,POSIX,0,read,586,209715200,4194304,72.3622,72.3626,110
10362541349373863812,POSIX,0,read,587,213909504,4194304,72.3664,72.3668,110
10362541349373863812,POSIX,0,read,588,218103808,4194304,72.3707,72.3711,110
10362541349373863812,POSIX,0,read,589,222298112,1795511,72.3752,72.3753,110
